fpr,tpr,thresholds,AUC
0.0,0.0,1.9951657713648996,0.9731922610232617
0.0,0.0006377551020408163,0.9951657713648996,0.9731922610232617
0.0,0.14158163265306123,0.9409585044344977,0.9731922610232617
0.00012054001928640309,0.14158163265306123,0.9402829128889902,0.9731922610232617
0.00012054001928640309,0.19579081632653061,0.9128293884714473,0.9731922610232617
0.00024108003857280618,0.19579081632653061,0.9127884496833559,0.9731922610232617
0.00024108003857280618,0.27869897959183676,0.8590652011609307,0.9731922610232617
0.0003616200578592093,0.27869897959183676,0.8574914066837644,0.9731922610232617
0.0003616200578592093,0.33163265306122447,0.8218992651579584,0.9731922610232617
0.00048216007714561236,0.33163265306122447,0.8216076335508337,0.9731922610232617
0.00048216007714561236,0.3705357142857143,0.7986484133903433,0.9731922610232617
0.0006027000964320154,0.3705357142857143,0.7983914042669082,0.9731922610232617
0.0006027000964320154,0.38839285714285715,0.7880764707765759,0.9731922610232617
0.0007232401157184186,0.38839285714285715,0.7870597142759179,0.9731922610232617
0.0007232401157184186,0.39158163265306123,0.7839310291307833,0.9731922610232617
0.0008437801350048216,0.39158163265306123,0.7832788690302122,0.9731922610232617
0.0008437801350048216,0.39221938775510207,0.7831004303024983,0.9731922610232617
0.0009643201542912247,0.39221938775510207,0.782655812230532,0.9731922610232617
0.0009643201542912247,0.39987244897959184,0.7771860882422298,0.9731922610232617
0.0010848601735776277,0.39987244897959184,0.7766278991526293,0.9731922610232617
0.0010848601735776277,0.4005102040816326,0.7765084567271915,0.9731922610232617
0.0012054001928640309,0.4005102040816326,0.7750925055802609,0.9731922610232617
0.0012054001928640309,0.4094387755102041,0.7673191780975099,0.9731922610232617
0.001325940212150434,0.4094387755102041,0.7669080831008618,0.9731922610232617
0.001325940212150434,0.4164540816326531,0.7635660844249599,0.9731922610232617
0.0014464802314368371,0.4164540816326531,0.7625832381845935,0.9731922610232617
0.0014464802314368371,0.41709183673469385,0.7619704886421972,0.9731922610232617
0.00156702025072324,0.41709183673469385,0.761635348217434,0.9731922610232617
0.00156702025072324,0.4221938775510204,0.7594037254118515,0.9731922610232617
0.0016875602700096432,0.4221938775510204,0.7594026213124289,0.9731922610232617
0.0016875602700096432,0.4292091836734694,0.754737129967479,0.9731922610232617
0.0018081002892960463,0.4292091836734694,0.7545785878316033,0.9731922610232617
0.0018081002892960463,0.4451530612244898,0.7469895815467223,0.9731922610232617
0.0020491803278688526,0.4451530612244898,0.7456965510008118,0.9731922610232617
0.0020491803278688526,0.45918367346938777,0.7375911247808177,0.9731922610232617
0.0021697203471552555,0.45918367346938777,0.7374523312942589,0.9731922610232617
0.0021697203471552555,0.4604591836734694,0.7363168362852858,0.9731922610232617
0.002290260366441659,0.4604591836734694,0.7360681644972952,0.9731922610232617
0.002290260366441659,0.46811224489795916,0.7318549354335571,0.9731922610232617
0.0024108003857280617,0.46811224489795916,0.7317060672512109,0.9731922610232617
0.0024108003857280617,0.46875,0.7308958642778502,0.9731922610232617
0.0025313404050144647,0.46875,0.7304323684343372,0.9731922610232617
0.0025313404050144647,0.48086734693877553,0.7237218549928461,0.9731922610232617
0.002651880424300868,0.48086734693877553,0.7231836537227369,0.9731922610232617
0.002651880424300868,0.48278061224489793,0.7219969238130336,0.9731922610232617
0.0028929604628736743,0.48278061224489793,0.7219791876229146,0.9731922610232617
0.0028929604628736743,0.48660714285714285,0.7208165972842686,0.9731922610232617
0.003013500482160077,0.48660714285714285,0.7204033133246169,0.9731922610232617
0.003013500482160077,0.4917091836734694,0.7185480662043408,0.9731922610232617
0.00313404050144648,0.4917091836734694,0.7185165445968259,0.9731922610232617
0.00313404050144648,0.4942602040816326,0.7175489273286342,0.9731922610232617
0.0032545805207328834,0.4942602040816326,0.7175110832543795,0.9731922610232617
0.0032545805207328834,0.5,0.7141681400517241,0.9731922610232617
0.0033751205400192863,0.5,0.7139074875705712,0.9731922610232617
0.0033751205400192863,0.5076530612244898,0.7079469866783628,0.9731922610232617
0.0034956605593056897,0.5076530612244898,0.7079045762030507,0.9731922610232617
0.0034956605593056897,0.5108418367346939,0.7056993605455688,0.9731922610232617
0.0036162005785920926,0.5108418367346939,0.7055553268292432,0.9731922610232617
0.0036162005785920926,0.5133928571428571,0.704516702707069,0.9731922610232617
0.0037367405978784955,0.5133928571428571,0.7039802760975984,0.9731922610232617
0.0037367405978784955,0.514030612244898,0.7032306004223544,0.9731922610232617
0.003857280617164899,0.514030612244898,0.7022527368664401,0.9731922610232617
0.003857280617164899,0.5159438775510204,0.7013409326195875,0.9731922610232617
0.004098360655737705,0.5159438775510204,0.6995025759864136,0.9731922610232617
0.004098360655737705,0.5184948979591837,0.6978134976501094,0.9731922610232617
0.004218900675024108,0.5184948979591837,0.6977833132707055,0.9731922610232617
0.004218900675024108,0.5229591836734694,0.6960510111798217,0.9731922610232617
0.004339440694310511,0.5229591836734694,0.6956338640675441,0.9731922610232617
0.004339440694310511,0.5248724489795918,0.6945061320578667,0.9731922610232617
0.004459980713596914,0.5248724489795918,0.694464209970117,0.9731922610232617
0.004459980713596914,0.5261479591836735,0.6936655992232067,0.9731922610232617
0.004580520732883318,0.5261479591836735,0.6936555417280352,0.9731922610232617
0.004580520732883318,0.5331632653061225,0.6895282491489615,0.9731922610232617
0.0047010607521697206,0.5331632653061225,0.6891369693359503,0.9731922610232617
0.0047010607521697206,0.5350765306122449,0.6882106674031454,0.9731922610232617
0.004942140790742526,0.5350765306122449,0.6876513387717067,0.9731922610232617
0.004942140790742526,0.5357142857142857,0.6867287099528064,0.9731922610232617
0.005062680810028929,0.5357142857142857,0.6854725771615141,0.9731922610232617
0.005062680810028929,0.5369897959183674,0.6851439504774982,0.9731922610232617
0.005183220829315333,0.5369897959183674,0.6842910316207484,0.9731922610232617
0.005183220829315333,0.5382653061224489,0.6837926229806982,0.9731922610232617
0.005303760848601736,0.5382653061224489,0.682705935722046,0.9731922610232617
0.005303760848601736,0.5414540816326531,0.6813093803014106,0.9731922610232617
0.005544840887174542,0.5414540816326531,0.680738754133806,0.9731922610232617
0.005544840887174542,0.5573979591836735,0.6750641179869197,0.9731922610232617
0.005665380906460945,0.5573979591836735,0.6749404213644321,0.9731922610232617
0.005665380906460945,0.5580357142857143,0.674270013233671,0.9731922610232617
0.0057859209257473485,0.5580357142857143,0.6740120312015848,0.9731922610232617
0.0057859209257473485,0.5625,0.6710500622618039,0.9731922610232617
0.0059064609450337514,0.5625,0.6695566585296578,0.9731922610232617
0.0059064609450337514,0.5714285714285714,0.6645239145699101,0.9731922610232617
0.006027000964320154,0.5714285714285714,0.6644717817069999,0.9731922610232617
0.006027000964320154,0.5752551020408163,0.6634855943554315,0.9731922610232617
0.00626808100289296,0.5752551020408163,0.662069535463311,0.9731922610232617
0.00626808100289296,0.576530612244898,0.660633791469311,0.9731922610232617
0.006509161041465767,0.576530612244898,0.659369259877314,0.9731922610232617
0.006509161041465767,0.5778061224489796,0.6584128109649132,0.9731922610232617
0.00662970106075217,0.5778061224489796,0.6583540679444025,0.9731922610232617
0.00662970106075217,0.5835459183673469,0.6564304360194353,0.9731922610232617
0.006750241080038573,0.5835459183673469,0.6560377120109087,0.9731922610232617
0.006750241080038573,0.5860969387755102,0.6550054700595631,0.9731922610232617
0.006870781099324976,0.5860969387755102,0.654758762674339,0.9731922610232617
0.006870781099324976,0.5911989795918368,0.6516914635765644,0.9731922610232617
0.006991321118611379,0.5911989795918368,0.6514307740860126,0.9731922610232617
0.006991321118611379,0.5943877551020408,0.6488494764547839,0.9731922610232617
0.007232401157184185,0.5943877551020408,0.6485761854813348,0.9731922610232617
0.007232401157184185,0.5950255102040817,0.6480399069558263,0.9731922610232617
0.007352941176470588,0.5950255102040817,0.6479620533830359,0.9731922610232617
0.007352941176470588,0.5982142857142857,0.6467590855722647,0.9731922610232617
0.007473481195756991,0.5982142857142857,0.6462425737404048,0.9731922610232617
0.007473481195756991,0.6033163265306123,0.6443488656963887,0.9731922610232617
0.007594021215043395,0.6033163265306123,0.6442174285480079,0.9731922610232617
0.007594021215043395,0.6090561224489796,0.6375780176385142,0.9731922610232617
0.0078351012536162,0.6090561224489796,0.6374107387922529,0.9731922610232617
0.0078351012536162,0.6122448979591837,0.636188491279792,0.9731922610232617
0.007955641272902604,0.6122448979591837,0.6353452031227679,0.9731922610232617
0.007955641272902604,0.6135204081632653,0.6345599544248859,0.9731922610232617
0.008076181292189007,0.6135204081632653,0.6341226689405347,0.9731922610232617
0.008076181292189007,0.6147959183673469,0.6328361149300911,0.9731922610232617
0.00819672131147541,0.6147959183673469,0.6315474313846621,0.9731922610232617
0.00819672131147541,0.6173469387755102,0.6295828036545698,0.9731922610232617
0.008558341369334619,0.6173469387755102,0.6287577200196929,0.9731922610232617
0.008558341369334619,0.6205357142857143,0.6273300072199087,0.9731922610232617
0.008678881388621022,0.6205357142857143,0.6270938028515076,0.9731922610232617
0.008678881388621022,0.6211734693877551,0.626938194652637,0.9731922610232617
0.008799421407907425,0.6211734693877551,0.6269182783600626,0.9731922610232617
0.008799421407907425,0.6288265306122449,0.6235402675785732,0.9731922610232617
0.00904050144648023,0.6288265306122449,0.6222462256177627,0.9731922610232617
0.00904050144648023,0.6294642857142857,0.6218642029503416,0.9731922610232617
0.009161041465766635,0.6294642857142857,0.6213015178662439,0.9731922610232617
0.009161041465766635,0.6332908163265306,0.6193884979953245,0.9731922610232617
0.009281581485053038,0.6332908163265306,0.6191822318409594,0.9731922610232617
0.009281581485053038,0.6339285714285714,0.6191048484735008,0.9731922610232617
0.009522661523625844,0.6339285714285714,0.6176852200894848,0.9731922610232617
0.009522661523625844,0.6352040816326531,0.6158672990798828,0.9731922610232617
0.00976374156219865,0.6352040816326531,0.6157222362335489,0.9731922610232617
0.00976374156219865,0.6358418367346939,0.6155857545321717,0.9731922610232617
0.009884281581485053,0.6358418367346939,0.6152614442282688,0.9731922610232617
0.009884281581485053,0.6377551020408163,0.614822829488887,0.9731922610232617
0.010004821600771456,0.6377551020408163,0.6145476965311866,0.9731922610232617
0.010004821600771456,0.6383928571428571,0.614281300722517,0.9731922610232617
0.010366441658630666,0.6383928571428571,0.6114682662741511,0.9731922610232617
0.010366441658630666,0.6441326530612245,0.6073116406867044,0.9731922610232617
0.010728061716489875,0.6441326530612245,0.6071055688770715,0.9731922610232617
0.010728061716489875,0.6485969387755102,0.6023670069207485,0.9731922610232617
0.010848601735776278,0.6485969387755102,0.6021777269498343,0.9731922610232617
0.010848601735776278,0.6492346938775511,0.6015748545021175,0.9731922610232617
0.01096914175506268,0.6492346938775511,0.6015717981324623,0.9731922610232617
0.01096914175506268,0.6511479591836735,0.5991311466871232,0.9731922610232617
0.011089681774349084,0.6511479591836735,0.5989586214542227,0.9731922610232617
0.011089681774349084,0.6524234693877551,0.5984773238948318,0.9731922610232617
0.011210221793635487,0.6524234693877551,0.5971132240256417,0.9731922610232617
0.011210221793635487,0.6549744897959183,0.5952900063013665,0.9731922610232617
0.01133076181292189,0.6549744897959183,0.5949205777988156,0.9731922610232617
0.01133076181292189,0.6588010204081632,0.5934440517428402,0.9731922610232617
0.011571841851494697,0.6588010204081632,0.5921474962247831,0.9731922610232617
0.011571841851494697,0.6594387755102041,0.5917985352629451,0.9731922610232617
0.0116923818707811,0.6594387755102041,0.5915098213893392,0.9731922610232617
0.0116923818707811,0.6600765306122449,0.5911358654612776,0.9731922610232617
0.011933461909353906,0.6600765306122449,0.5899185720598883,0.9731922610232617
0.011933461909353906,0.6613520408163265,0.5892105776934213,0.9731922610232617
0.012174541947926712,0.6613520408163265,0.5884028105042818,0.9731922610232617
0.012174541947926712,0.6677295918367347,0.5855194071930192,0.9731922610232617
0.012295081967213115,0.6677295918367347,0.5849257174027421,0.9731922610232617
0.012295081967213115,0.670280612244898,0.5840897480492422,0.9731922610232617
0.013018322082931534,0.670280612244898,0.5813646275652108,0.9731922610232617
0.013018322082931534,0.6709183673469388,0.5803465763799696,0.9731922610232617
0.01325940212150434,0.6709183673469388,0.5801933641092211,0.9731922610232617
0.01325940212150434,0.6715561224489796,0.5791930066695676,0.9731922610232617
0.013621022179363548,0.6715561224489796,0.5763338131264064,0.9731922610232617
0.013621022179363548,0.6753826530612245,0.5720959205126604,0.9731922610232617
0.013741562198649951,0.6753826530612245,0.5717010884285835,0.9731922610232617
0.013741562198649951,0.6760204081632653,0.5710498654531871,0.9731922610232617
0.013982642237222759,0.6760204081632653,0.5706803701444646,0.9731922610232617
0.013982642237222759,0.6823979591836735,0.5627111773221332,0.9731922610232617
0.01446480231436837,0.6823979591836735,0.5617042401725014,0.9731922610232617
0.01446480231436837,0.6830357142857143,0.5616379763876889,0.9731922610232617
0.014585342333654773,0.6830357142857143,0.5612905908175175,0.9731922610232617
0.014585342333654773,0.6849489795918368,0.5589084311224352,0.9731922610232617
0.014705882352941176,0.6849489795918368,0.5585047810283224,0.9731922610232617
0.014705882352941176,0.6855867346938775,0.5583732331101547,0.9731922610232617
0.01482642237222758,0.6855867346938775,0.5583399698696369,0.9731922610232617
0.01482642237222758,0.6868622448979592,0.556949453462995,0.9731922610232617
0.014946962391513982,0.6868622448979592,0.556436426338941,0.9731922610232617
0.014946962391513982,0.6887755102040817,0.5549832100807459,0.9731922610232617
0.015067502410800385,0.6887755102040817,0.554935221902829,0.9731922610232617
0.015067502410800385,0.6900510204081632,0.5543095514237187,0.9731922610232617
0.015308582449373193,0.6900510204081632,0.5537844289546534,0.9731922610232617
0.015308582449373193,0.6919642857142857,0.552345770379598,0.9731922610232617
0.015549662487945998,0.6919642857142857,0.5521009887716993,0.9731922610232617
0.015549662487945998,0.6926020408163265,0.5515696851998778,0.9731922610232617
0.0156702025072324,0.6926020408163265,0.5509684303004163,0.9731922610232617
0.0156702025072324,0.6945153061224489,0.5504924770106207,0.9731922610232617
0.01591128254580521,0.6945153061224489,0.5498813963607772,0.9731922610232617
0.01591128254580521,0.6951530612244898,0.5479001035347839,0.9731922610232617
0.01603182256509161,0.6951530612244898,0.5476441303014504,0.9731922610232617
0.01603182256509161,0.6996173469387755,0.5446438718416096,0.9731922610232617
0.01651398264223722,0.6996173469387755,0.5433413778284663,0.9731922610232617
0.01651398264223722,0.7021683673469388,0.5423028184846326,0.9731922610232617
0.016755062680810028,0.7021683673469388,0.5395411978601904,0.9731922610232617
0.016755062680810028,0.7028061224489796,0.5390980708541567,0.9731922610232617
0.016875602700096432,0.7028061224489796,0.5387697322575935,0.9731922610232617
0.016875602700096432,0.704719387755102,0.5371822955481064,0.9731922610232617
0.016996142719382837,0.704719387755102,0.537043943260578,0.9731922610232617
0.016996142719382837,0.7053571428571429,0.5369964740658305,0.9731922610232617
0.017116682738669238,0.7053571428571429,0.536937395383843,0.9731922610232617
0.017116682738669238,0.7072704081632653,0.5356975781082777,0.9731922610232617
0.017357762777242044,0.7072704081632653,0.5347230642580474,0.9731922610232617
0.017357762777242044,0.7079081632653061,0.5338481325992428,0.9731922610232617
0.01747830279652845,0.7079081632653061,0.5336920940295947,0.9731922610232617
0.01747830279652845,0.7104591836734694,0.5323144550324358,0.9731922610232617
0.01759884281581485,0.7104591836734694,0.5322771094232799,0.9731922610232617
0.01759884281581485,0.7130102040816326,0.5301649181786432,0.9731922610232617
0.017719382835101254,0.7130102040816326,0.5292831999435642,0.9731922610232617
0.017719382835101254,0.7136479591836735,0.5290415283765337,0.9731922610232617
0.01796046287367406,0.7136479591836735,0.5280859759560514,0.9731922610232617
0.01796046287367406,0.7161989795918368,0.5274996460275598,0.9731922610232617
0.01808100289296046,0.7161989795918368,0.5265050842054155,0.9731922610232617
0.01808100289296046,0.7174744897959183,0.5250022797596818,0.9731922610232617
0.018201542912246866,0.7174744897959183,0.5248252442822064,0.9731922610232617
0.018201542912246866,0.7181122448979592,0.5244073574921994,0.9731922610232617
0.018442622950819672,0.7181122448979592,0.523643317258943,0.9731922610232617
0.018442622950819672,0.71875,0.523306976204684,0.9731922610232617
0.018563162970106076,0.71875,0.523146705136665,0.9731922610232617
0.018563162970106076,0.7193877551020408,0.5228621319386334,0.9731922610232617
0.019286403085824494,0.7193877551020408,0.5200501437974557,0.9731922610232617
0.019286403085824494,0.7200255102040817,0.5197922840788896,0.9731922610232617
0.019406943105110895,0.7200255102040817,0.5191751194744284,0.9731922610232617
0.019406943105110895,0.7206632653061225,0.5186553697351857,0.9731922610232617
0.019648023143683704,0.7206632653061225,0.5183782546088128,0.9731922610232617
0.019648023143683704,0.7232142857142857,0.5179512384054858,0.9731922610232617
0.01988910318225651,0.7232142857142857,0.517642148877686,0.9731922610232617
0.01988910318225651,0.7238520408163265,0.5171801278979171,0.9731922610232617
0.02000964320154291,0.7238520408163265,0.5170178070577307,0.9731922610232617
0.02000964320154291,0.7257653061224489,0.5165093633524532,0.9731922610232617
0.020371263259402122,0.7257653061224489,0.515453108830931,0.9731922610232617
0.020371263259402122,0.7276785714285714,0.5148278315950431,0.9731922610232617
0.020491803278688523,0.7276785714285714,0.514160321128451,0.9731922610232617
0.020491803278688523,0.7283163265306123,0.5139130301955126,0.9731922610232617
0.020973963355834138,0.7283163265306123,0.5129380641106651,0.9731922610232617
0.020973963355834138,0.7295918367346939,0.512016065409166,0.9731922610232617
0.021215043394406944,0.7295918367346939,0.5102143840022181,0.9731922610232617
0.021215043394406944,0.7302295918367347,0.5102072858528423,0.9731922610232617
0.021335583413693345,0.7302295918367347,0.510157478989005,0.9731922610232617
0.021335583413693345,0.7308673469387755,0.5098595461984909,0.9731922610232617
0.022058823529411766,0.7308673469387755,0.5077811250564382,0.9731922610232617
0.022058823529411766,0.7315051020408163,0.5075987818038552,0.9731922610232617
0.022299903567984572,0.7315051020408163,0.5059509224714962,0.9731922610232617
0.022299903567984572,0.7321428571428571,0.5054640193220454,0.9731922610232617
0.022420443587270973,0.7321428571428571,0.5053480908057477,0.9731922610232617
0.022420443587270973,0.732780612244898,0.5049195814597841,0.9731922610232617
0.022540983606557378,0.732780612244898,0.5048992117490679,0.9731922610232617
0.022540983606557378,0.7340561224489796,0.5044561907857696,0.9731922610232617
0.022782063645130184,0.7340561224489796,0.5039860899259748,0.9731922610232617
0.022782063645130184,0.7346938775510204,0.5034657746456741,0.9731922610232617
0.02302314368370299,0.7346938775510204,0.5020701925880977,0.9731922610232617
0.02302314368370299,0.7366071428571429,0.5019244804301322,0.9731922610232617
0.0235053037608486,0.7366071428571429,0.4985331737261028,0.9731922610232617
0.0235053037608486,0.7372448979591837,0.49747242217961185,0.9731922610232617
0.023625843780135006,0.7372448979591837,0.4973166494699147,0.9731922610232617
0.023625843780135006,0.7378826530612245,0.4968825054739346,0.9731922610232617
0.02422854387656702,0.7378826530612245,0.4937031602224625,0.9731922610232617
0.02422854387656702,0.7385204081632653,0.49332104406997435,0.9731922610232617
0.024349083895853423,0.7385204081632653,0.49306194892819866,0.9731922610232617
0.024349083895853423,0.7391581632653061,0.49212655458487403,0.9731922610232617
0.02459016393442623,0.7391581632653061,0.49185678241572917,0.9731922610232617
0.02459016393442623,0.7397959183673469,0.49083959536028576,0.9731922610232617
0.024710703953712634,0.7397959183673469,0.4899139377571613,0.9731922610232617
0.024710703953712634,0.7417091836734694,0.48699757593319176,0.9731922610232617
0.02507232401157184,0.7417091836734694,0.4865230134597405,0.9731922610232617
0.02507232401157184,0.7423469387755102,0.4865010373645522,0.9731922610232617
0.025554484088717456,0.7423469387755102,0.4824562294836134,0.9731922610232617
0.025554484088717456,0.7429846938775511,0.4823467960043641,0.9731922610232617
0.025675024108003857,0.7429846938775511,0.48228538346417077,0.9731922610232617
0.025675024108003857,0.7442602040816326,0.4820703337695162,0.9731922610232617
0.02579556412729026,0.7442602040816326,0.4820584982844484,0.9731922610232617
0.02579556412729026,0.7455357142857143,0.4812941345851652,0.9731922610232617
0.026036644165863067,0.7455357142857143,0.4799187606208863,0.9731922610232617
0.026036644165863067,0.7493622448979592,0.4783681512608582,0.9731922610232617
0.026277724204435873,0.7493622448979592,0.4771667702304361,0.9731922610232617
0.026277724204435873,0.75,0.47657491087052833,0.9731922610232617
0.026398264223722274,0.75,0.4751378524025129,0.9731922610232617
0.026398264223722274,0.7506377551020408,0.47389250949558526,0.9731922610232617
0.026759884281581485,0.7506377551020408,0.472588927594511,0.9731922610232617
0.026759884281581485,0.7525510204081632,0.4704500839012491,0.9731922610232617
0.02700096432015429,0.7525510204081632,0.46903490913594276,0.9731922610232617
0.02700096432015429,0.7531887755102041,0.46891165545128904,0.9731922610232617
0.027121504339440695,0.7531887755102041,0.4683804876210743,0.9731922610232617
0.027121504339440695,0.7538265306122449,0.46808233598077376,0.9731922610232617
0.0273625843780135,0.7538265306122449,0.4676293388578738,0.9731922610232617
0.0273625843780135,0.7551020408163265,0.46731658431326334,0.9731922610232617
0.02844744455159113,0.7551020408163265,0.46305115103705785,0.9731922610232617
0.02844744455159113,0.7557397959183674,0.4627505298095933,0.9731922610232617
0.029050144648023142,0.7557397959183674,0.4602582660748674,0.9731922610232617
0.029050144648023142,0.7563775510204082,0.46013659780721405,0.9731922610232617
0.029170684667309547,0.7563775510204082,0.4599518492022242,0.9731922610232617
0.029170684667309547,0.7570153061224489,0.4594561807780353,0.9731922610232617
0.02965284474445516,0.7570153061224489,0.4588667412994319,0.9731922610232617
0.02965284474445516,0.7576530612244898,0.4581759688498751,0.9731922610232617
0.029773384763741563,0.7576530612244898,0.4581733226469684,0.9731922610232617
0.029773384763741563,0.7582908163265306,0.4577394250380632,0.9731922610232617
0.030255544840887175,0.7582908163265306,0.4555990392612076,0.9731922610232617
0.030255544840887175,0.7595663265306123,0.4555272725415731,0.9731922610232617
0.03049662487945998,0.7595663265306123,0.45393363285503796,0.9731922610232617
0.03049662487945998,0.7602040816326531,0.4538945090181068,0.9731922610232617
0.030617164898746385,0.7602040816326531,0.45380480701445963,0.9731922610232617
0.030617164898746385,0.7608418367346939,0.4536374771783076,0.9731922610232617
0.0313404050144648,0.7608418367346939,0.44905056610096505,0.9731922610232617
0.0313404050144648,0.7614795918367347,0.44885242961356514,0.9731922610232617
0.03182256509161042,0.7614795918367347,0.44827767103434785,0.9731922610232617
0.03182256509161042,0.7621173469387755,0.4480971559736149,0.9731922610232617
0.03194310511089682,0.7621173469387755,0.4478815154089113,0.9731922610232617
0.03194310511089682,0.7627551020408163,0.44749485365798297,0.9731922610232617
0.03206364513018322,0.7627551020408163,0.4469033597368201,0.9731922610232617
0.03206364513018322,0.764030612244898,0.4462232123736897,0.9731922610232617
0.03218418514946962,0.764030612244898,0.4461080581176525,0.9731922610232617
0.03218418514946962,0.7646683673469388,0.44566229558824527,0.9731922610232617
0.03242526518804243,0.7646683673469388,0.44259394167490257,0.9731922610232617
0.03242526518804243,0.7665816326530612,0.4410104858204165,0.9731922610232617
0.03254580520732883,0.7665816326530612,0.4406532329903007,0.9731922610232617
0.03254580520732883,0.7697704081632653,0.438370510063219,0.9731922610232617
0.03326904532304725,0.7697704081632653,0.43594494360523717,0.9731922610232617
0.03326904532304725,0.7704081632653061,0.4357508902688482,0.9731922610232617
0.03363066538090646,0.7704081632653061,0.43539740616229494,0.9731922610232617
0.03363066538090646,0.7716836734693877,0.4346568227746634,0.9731922610232617
0.033751205400192864,0.7716836734693877,0.4339846105283822,0.9731922610232617
0.033751205400192864,0.7723214285714286,0.4336583208608893,0.9731922610232617
0.033871745419479266,0.7723214285714286,0.43336064670967467,0.9731922610232617
0.033871745419479266,0.7729591836734694,0.4332810350889869,0.9731922610232617
0.033992285438765674,0.7729591836734694,0.4331506989831513,0.9731922610232617
0.033992285438765674,0.7742346938775511,0.4326044329891936,0.9731922610232617
0.03435390549662488,0.7742346938775511,0.43211072085330304,0.9731922610232617
0.03435390549662488,0.7748724489795918,0.4319536070778018,0.9731922610232617
0.034594985535197686,0.7748724489795918,0.4311714220474378,0.9731922610232617
0.034594985535197686,0.7831632653061225,0.42469204146081985,0.9731922610232617
0.03471552555448409,0.7831632653061225,0.4244942762452187,0.9731922610232617
0.03471552555448409,0.7838010204081632,0.4242608211208576,0.9731922610232617
0.03483606557377049,0.7838010204081632,0.4239265291178742,0.9731922610232617
0.03483606557377049,0.7844387755102041,0.4230309189466991,0.9731922610232617
0.0350771456123433,0.7844387755102041,0.42289486355761297,0.9731922610232617
0.0350771456123433,0.7850765306122449,0.4228700355459021,0.9731922610232617
0.0351976856316297,0.7850765306122449,0.42137010007381454,0.9731922610232617
0.0351976856316297,0.7857142857142857,0.4212287905190059,0.9731922610232617
0.03567984570877531,0.7857142857142857,0.4191654018344596,0.9731922610232617
0.03567984570877531,0.7863520408163265,0.41913003786508984,0.9731922610232617
0.03592092574734812,0.7863520408163265,0.41746926460468997,0.9731922610232617
0.03592092574734812,0.7876275510204082,0.41661494660226756,0.9731922610232617
0.03676470588235294,0.7876275510204082,0.41416973289576425,0.9731922610232617
0.03676470588235294,0.7882653061224489,0.4139191911605256,0.9731922610232617
0.037487945998071356,0.7882653061224489,0.4111378344968891,0.9731922610232617
0.037487945998071356,0.7889030612244898,0.41093370678920044,0.9731922610232617
0.03784956605593057,0.7889030612244898,0.4096714470717865,0.9731922610232617
0.03784956605593057,0.7901785714285714,0.40912880935284773,0.9731922610232617
0.03833172613307618,0.7901785714285714,0.4076436382356046,0.9731922610232617
0.03833172613307618,0.7927295918367347,0.40541783027654454,0.9731922610232617
0.03845226615236259,0.7927295918367347,0.405016893913514,0.9731922610232617
0.03845226615236259,0.7940051020408163,0.40437537963096687,0.9731922610232617
0.03857280617164899,0.7940051020408163,0.40431938202766704,0.9731922610232617
0.03857280617164899,0.7946428571428571,0.40398571908863634,0.9731922610232617
0.03881388621022179,0.7946428571428571,0.403762998023463,0.9731922610232617
0.03881388621022179,0.795280612244898,0.4031504791381709,0.9731922610232617
0.039175506268081,0.795280612244898,0.402430051997501,0.9731922610232617
0.039175506268081,0.7965561224489796,0.4015168084243323,0.9731922610232617
0.03929604628736741,0.7965561224489796,0.401170637066641,0.9731922610232617
0.03929604628736741,0.798469387755102,0.399572826530446,0.9731922610232617
0.03941658630665381,0.798469387755102,0.39955359205653856,0.9731922610232617
0.03941658630665381,0.7991071428571429,0.39788221603064766,0.9731922610232617
0.03953712632594021,0.7991071428571429,0.397504026758621,0.9731922610232617
0.03953712632594021,0.7997448979591837,0.3969057315126963,0.9731922610232617
0.03989874638379942,0.7997448979591837,0.3965894083128587,0.9731922610232617
0.03989874638379942,0.8010204081632653,0.394891123062025,0.9731922610232617
0.04026036644165863,0.8010204081632653,0.3938232021996429,0.9731922610232617
0.04026036644165863,0.8016581632653061,0.3938195221027355,0.9731922610232617
0.040501446480231434,0.8016581632653061,0.3925917902079408,0.9731922610232617
0.040501446480231434,0.8035714285714286,0.39161067876126415,0.9731922610232617
0.040863066538090645,0.8035714285714286,0.39069514846321796,0.9731922610232617
0.040863066538090645,0.8048469387755102,0.3900556978326553,0.9731922610232617
0.041465766634522665,0.8048469387755102,0.38779343028362906,0.9731922610232617
0.041465766634522665,0.8054846938775511,0.38777084136940954,0.9731922610232617
0.04170684667309547,0.8054846938775511,0.3871482809123585,0.9731922610232617
0.04170684667309547,0.8061224489795918,0.3864961887033741,0.9731922610232617
0.04206846673095468,0.8061224489795918,0.38447988088327306,0.9731922610232617
0.04206846673095468,0.8067602040816326,0.38389048015856053,0.9731922610232617
0.04218900675024108,0.8067602040816326,0.3838411719621133,0.9731922610232617
0.04218900675024108,0.8073979591836735,0.38299943711426326,0.9731922610232617
0.04230954676952748,0.8073979591836735,0.38281462779464576,0.9731922610232617
0.04230954676952748,0.8080357142857143,0.38145060814400866,0.9731922610232617
0.04267116682738669,0.8080357142857143,0.37969014746933905,0.9731922610232617
0.04267116682738669,0.8093112244897959,0.37950982278800777,0.9731922610232617
0.0427917068466731,0.8093112244897959,0.37938691327933727,0.9731922610232617
0.0427917068466731,0.8112244897959183,0.37870115283112676,0.9731922610232617
0.04327386692381871,0.8112244897959183,0.3772651273499561,0.9731922610232617
0.04327386692381871,0.8118622448979592,0.3770278122464696,0.9731922610232617
0.043635486981677914,0.8118622448979592,0.37555460747448105,0.9731922610232617
0.043635486981677914,0.8125,0.3755106083715513,0.9731922610232617
0.044479267116682736,0.8125,0.37361288673315685,0.9731922610232617
0.044479267116682736,0.8131377551020408,0.3735069276459625,0.9731922610232617
0.044720347155255545,0.8131377551020408,0.3727855838517327,0.9731922610232617
0.044720347155255545,0.8137755102040817,0.3727234399271712,0.9731922610232617
0.044840887174541946,0.8137755102040817,0.3725594677474353,0.9731922610232617
0.044840887174541946,0.8163265306122449,0.3720792896550433,0.9731922610232617
0.044961427193828354,0.8163265306122449,0.37183011875007177,0.9731922610232617
0.044961427193828354,0.8176020408163265,0.37048288805550883,0.9731922610232617
0.045081967213114756,0.8176020408163265,0.3703373568904396,0.9731922610232617
0.045081967213114756,0.8188775510204082,0.36915242758844913,0.9731922610232617
0.04520250723240116,0.8188775510204082,0.3682450779505485,0.9731922610232617
0.04520250723240116,0.8195153061224489,0.3681837617508,0.9731922610232617
0.04580520732883317,0.8195153061224489,0.366319640235841,0.9731922610232617
0.04580520732883317,0.8201530612244898,0.36606662626486985,0.9731922610232617
0.04604628736740598,0.8201530612244898,0.36579213004070754,0.9731922610232617
0.04604628736740598,0.8214285714285714,0.3655463758929612,0.9731922610232617
0.04616682738669238,0.8214285714285714,0.3652201044289996,0.9731922610232617
0.04616682738669238,0.8227040816326531,0.36502247571230356,0.9731922610232617
0.04664898746383799,0.8227040816326531,0.3632190625797646,0.9731922610232617
0.04664898746383799,0.8246173469387755,0.3624142833360334,0.9731922610232617
0.0468900675024108,0.8246173469387755,0.3620174350982522,0.9731922610232617
0.0468900675024108,0.8252551020408163,0.3618044090504378,0.9731922610232617
0.0470106075216972,0.8252551020408163,0.3614305652965138,0.9731922610232617
0.0470106075216972,0.8258928571428571,0.36111265605103915,0.9731922610232617
0.0471311475409836,0.8258928571428571,0.3609709747032271,0.9731922610232617
0.04725168756027001,0.826530612244898,0.3607551593693132,0.9731922610232617
0.04725168756027001,0.8271683673469388,0.3604227813350367,0.9731922610232617
0.04737222757955641,0.8271683673469388,0.3599562924105474,0.9731922610232617
0.04737222757955641,0.8284438775510204,0.3596599979668005,0.9731922610232617
0.048095467695274834,0.8284438775510204,0.35834044620441485,0.9731922610232617
0.048095467695274834,0.8290816326530612,0.3583291023626372,0.9731922610232617
0.048216007714561235,0.8290816326530612,0.35814590849310074,0.9731922610232617
0.048216007714561235,0.8303571428571429,0.3574741987001086,0.9731922610232617
0.048336547733847636,0.8303571428571429,0.3574476315504616,0.9731922610232617
0.048336547733847636,0.8309948979591837,0.35664207577812373,0.9731922610232617
0.04845708775313404,0.8309948979591837,0.35613501251177443,0.9731922610232617
0.04845708775313404,0.8322704081632653,0.35573110993943097,0.9731922610232617
0.048577627772420445,0.8322704081632653,0.3556867960699726,0.9731922610232617
0.048577627772420445,0.8329081632653061,0.3555888846850819,0.9731922610232617
0.04881870781099325,0.8329081632653061,0.35418694094223724,0.9731922610232617
0.04881870781099325,0.8335459183673469,0.3533426209879362,0.9731922610232617
0.04905978784956606,0.8335459183673469,0.35315460090843853,0.9731922610232617
0.04905978784956606,0.8373724489795918,0.3521275374423258,0.9731922610232617
0.04918032786885246,0.8373724489795918,0.3516166532479199,0.9731922610232617
0.04918032786885246,0.8380102040816326,0.3512666354391028,0.9731922610232617
0.04930086788813886,0.8380102040816326,0.3511412941692897,0.9731922610232617
0.04930086788813886,0.8392857142857143,0.35025339167088754,0.9731922610232617
0.04978302796528448,0.8392857142857143,0.34736765645245526,0.9731922610232617
0.04978302796528448,0.8405612244897959,0.34685880507869193,0.9731922610232617
0.05014464802314368,0.8405612244897959,0.3458751575398037,0.9731922610232617
0.05014464802314368,0.8411989795918368,0.34497911465795983,0.9731922610232617
0.05038572806171649,0.8411989795918368,0.34439730751236414,0.9731922610232617
0.05038572806171649,0.8431122448979592,0.34279528095201917,0.9731922610232617
0.0507473481195757,0.8431122448979592,0.3417377704846513,0.9731922610232617
0.0507473481195757,0.84375,0.3415168777447977,0.9731922610232617
0.052193828351012536,0.84375,0.33755066877021006,0.9731922610232617
0.052193828351012536,0.8443877551020408,0.3374337792441706,0.9731922610232617
0.05255544840887175,0.8443877551020408,0.33691489100909316,0.9731922610232617
0.05255544840887175,0.8450255102040817,0.3365776892693628,0.9731922610232617
0.05303760848601736,0.8450255102040817,0.33454135622138187,0.9731922610232617
0.05303760848601736,0.8475765306122449,0.3324146866460759,0.9731922610232617
0.05315814850530376,0.8475765306122449,0.33216282351593335,0.9731922610232617
0.05315814850530376,0.8482142857142857,0.3319418153557841,0.9731922610232617
0.05388138862102218,0.8482142857142857,0.33000093473122005,0.9731922610232617
0.05388138862102218,0.8488520408163265,0.32958983751029036,0.9731922610232617
0.05412246865959498,0.8488520408163265,0.3292784601057637,0.9731922610232617
0.05412246865959498,0.8494897959183674,0.3288453420676652,0.9731922610232617
0.05448408871745419,0.8494897959183674,0.3280067636168081,0.9731922610232617
0.05448408871745419,0.8501275510204082,0.32798395863058144,0.9731922610232617
0.054604628736740594,0.8501275510204082,0.3277831180808474,0.9731922610232617
0.054604628736740594,0.8507653061224489,0.3277686966392919,0.9731922610232617
0.05508678881388621,0.8507653061224489,0.32660954146978005,0.9731922610232617
0.05508678881388621,0.8526785714285714,0.3255998245827116,0.9731922610232617
0.055327868852459015,0.8526785714285714,0.3249216871385515,0.9731922610232617
0.055327868852459015,0.8539540816326531,0.3247270451612542,0.9731922610232617
0.055689488910318226,0.8539540816326531,0.3237455318808393,0.9731922610232617
0.055689488910318226,0.8545918367346939,0.3236316626563648,0.9731922610232617
0.05581002892960463,0.8545918367346939,0.3226942961893435,0.9731922610232617
0.05581002892960463,0.8558673469387755,0.32267890094403945,0.9731922610232617
0.056051108968177436,0.8558673469387755,0.32131285562048106,0.9731922610232617
0.056051108968177436,0.8565051020408163,0.32123771604351864,0.9731922610232617
0.05617164898746384,0.8571428571428571,0.3209788298832457,0.9731922610232617
0.05677434908389585,0.8571428571428571,0.3203104733244593,0.9731922610232617
0.05677434908389585,0.857780612244898,0.3200602421267908,0.9731922610232617
0.05701542912246866,0.857780612244898,0.31794158467836914,0.9731922610232617
0.05701542912246866,0.8603316326530612,0.316233605073061,0.9731922610232617
0.05761812921890067,0.8603316326530612,0.3140901765853155,0.9731922610232617
0.05761812921890067,0.860969387755102,0.3139898839188398,0.9731922610232617
0.058100289296046284,0.860969387755102,0.3119819686398097,0.9731922610232617
0.058100289296046284,0.8616071428571429,0.3117938288756588,0.9731922610232617
0.05834136933461909,0.8616071428571429,0.3114270527041919,0.9731922610232617
0.05834136933461909,0.8622448979591837,0.31117630594954077,0.9731922610232617
0.058461909353905495,0.8622448979591837,0.3111111236174823,0.9731922610232617
0.058461909353905495,0.8635204081632653,0.3101399291026457,0.9731922610232617
0.058823529411764705,0.8635204081632653,0.3090213208692176,0.9731922610232617
0.058823529411764705,0.8641581632653061,0.3086512516521763,0.9731922610232617
0.059185149469623916,0.8641581632653061,0.3075911148442797,0.9731922610232617
0.059185149469623916,0.8647959183673469,0.3073703089126649,0.9731922610232617
0.05966730954676953,0.8647959183673469,0.307114622185026,0.9731922610232617
0.05966730954676953,0.8654336734693877,0.3066743328650018,0.9731922610232617
0.06039054966248795,0.8654336734693877,0.30496326464194645,0.9731922610232617
0.06039054966248795,0.8660714285714286,0.3049275634920065,0.9731922610232617
0.06051108968177435,0.8660714285714286,0.30429035755919825,0.9731922610232617
0.06051108968177435,0.8667091836734694,0.3042329935270378,0.9731922610232617
0.06099324975891996,0.8667091836734694,0.30290093628548787,0.9731922610232617
0.06099324975891996,0.8673469387755102,0.3023461608341786,0.9731922610232617
0.06123432979749277,0.8673469387755102,0.302125091535426,0.9731922610232617
0.06123432979749277,0.8679846938775511,0.301749673269718,0.9731922610232617
0.061595949855351974,0.8679846938775511,0.30107162311394503,0.9731922610232617
0.061595949855351974,0.8692602040816326,0.30085475060599665,0.9731922610232617
0.06171648987463838,0.8692602040816326,0.3004368751635156,0.9731922610232617
0.06171648987463838,0.8711734693877551,0.29999447489160475,0.9731922610232617
0.06183702989392478,0.8711734693877551,0.2994871454173665,0.9731922610232617
0.06183702989392478,0.8718112244897959,0.29922987147582725,0.9731922610232617
0.061957569913211184,0.8718112244897959,0.2991704135678148,0.9731922610232617
0.061957569913211184,0.8724489795918368,0.2990461747073229,0.9731922610232617
0.062439729990356796,0.8724489795918368,0.2976456377856839,0.9731922610232617
0.062439729990356796,0.8730867346938775,0.2970194231097176,0.9731922610232617
0.062801350048216,0.8730867346938775,0.29585133174594236,0.9731922610232617
0.062801350048216,0.8737244897959183,0.29584000253349224,0.9731922610232617
0.06328351012536163,0.8737244897959183,0.2951554221458954,0.9731922610232617
0.06328351012536163,0.8743622448979592,0.29504398748585836,0.9731922610232617
0.06340405014464802,0.8743622448979592,0.29503259998078035,0.9731922610232617
0.06340405014464802,0.8756377551020408,0.2944703342558684,0.9731922610232617
0.06485053037608486,0.8756377551020408,0.29209760281757763,0.9731922610232617
0.06485053037608486,0.8762755102040817,0.29194734162510433,0.9731922610232617
0.06545323047251687,0.8762755102040817,0.2906956697822217,0.9731922610232617
0.06545323047251687,0.8769132653061225,0.29059727050246403,0.9731922610232617
0.0662970106075217,0.8769132653061225,0.28891140230994616,0.9731922610232617
0.0662970106075217,0.8781887755102041,0.28869753790321767,0.9731922610232617
0.0666586306653809,0.8781887755102041,0.28790391436818596,0.9731922610232617
0.0666586306653809,0.8788265306122449,0.2877929735024893,0.9731922610232617
0.06689971070395372,0.8788265306122449,0.28741015589615704,0.9731922610232617
0.06689971070395372,0.8801020408163265,0.2872117807385501,0.9731922610232617
0.06750241080038573,0.8801020408163265,0.28482911281936923,0.9731922610232617
0.06750241080038573,0.8807397959183674,0.2846751083170154,0.9731922610232617
0.06834619093539054,0.8807397959183674,0.28301727645364805,0.9731922610232617
0.06834619093539054,0.8826530612244898,0.282357712568926,0.9731922610232617
0.06846673095467695,0.8826530612244898,0.28217367325093207,0.9731922610232617
0.06846673095467695,0.8832908163265306,0.28087846447027126,0.9731922610232617
0.06882835101253616,0.8832908163265306,0.28054419363421257,0.9731922610232617
0.06882835101253616,0.8845663265306123,0.28031168590465594,0.9731922610232617
0.06894889103182257,0.8845663265306123,0.2781523069290123,0.9731922610232617
0.06894889103182257,0.8852040816326531,0.27808058947475844,0.9731922610232617
0.06918997107039537,0.8852040816326531,0.2772567117518703,0.9731922610232617
0.06918997107039537,0.8858418367346939,0.27675152856870283,0.9731922610232617
0.06955159112825458,0.8858418367346939,0.27618761950400383,0.9731922610232617
0.06955159112825458,0.8864795918367347,0.2760628595799603,0.9731922610232617
0.0699132111861138,0.8864795918367347,0.27577834513983546,0.9731922610232617
0.0699132111861138,0.8871173469387755,0.2755847442346087,0.9731922610232617
0.07075699132111861,0.8871173469387755,0.27372191903953913,0.9731922610232617
0.07075699132111861,0.8883928571428571,0.2732067607855308,0.9731922610232617
0.07268563162970106,0.8883928571428571,0.26913422086367617,0.9731922610232617
0.07268563162970106,0.889030612244898,0.2690596783662534,0.9731922610232617
0.07292671166827387,0.889030612244898,0.2681491635833751,0.9731922610232617
0.07292671166827387,0.8896683673469388,0.2679758383273413,0.9731922610232617
0.0741321118611379,0.8896683673469388,0.26588508494060903,0.9731922610232617
0.0741321118611379,0.8903061224489796,0.26536078086640263,0.9731922610232617
0.0743731918997107,0.8903061224489796,0.26513063254446584,0.9731922610232617
0.0743731918997107,0.8909438775510204,0.26484252895160026,0.9731922610232617
0.07461427193828352,0.8909438775510204,0.2642087267914308,0.9731922610232617
0.07461427193828352,0.8915816326530612,0.2639169546570062,0.9731922610232617
0.07497589199614271,0.8915816326530612,0.26294204579745245,0.9731922610232617
0.07497589199614271,0.892219387755102,0.2628329462058586,0.9731922610232617
0.07606075216972034,0.892219387755102,0.2603238289518619,0.9731922610232617
0.07606075216972034,0.8928571428571429,0.26019593546751346,0.9731922610232617
0.07750723240115719,0.8928571428571429,0.2574402366071368,0.9731922610232617
0.07750723240115719,0.8941326530612245,0.25693100668799224,0.9731922610232617
0.07943587270973963,0.8941326530612245,0.2507160918467222,0.9731922610232617
0.07943587270973963,0.8947704081632653,0.24960485534660168,0.9731922610232617
0.07955641272902604,0.8947704081632653,0.24947618756268441,0.9731922610232617
0.07955641272902604,0.8954081632653061,0.2493667081552154,0.9731922610232617
0.08003857280617165,0.8954081632653061,0.24836042650012247,0.9731922610232617
0.08003857280617165,0.8960459183673469,0.248099650477162,0.9731922610232617
0.08027965284474446,0.8960459183673469,0.24803710672341728,0.9731922610232617
0.08027965284474446,0.8973214285714286,0.247084912981014,0.9731922610232617
0.08112343297974928,0.8973214285714286,0.2443182004059948,0.9731922610232617
0.08112343297974928,0.8979591836734694,0.24390966562715521,0.9731922610232617
0.08124397299903569,0.8979591836734694,0.24376375925448684,0.9731922610232617
0.08124397299903569,0.8992346938775511,0.24352376983642715,0.9731922610232617
0.08136451301832208,0.8992346938775511,0.24291532119672352,0.9731922610232617
0.08136451301832208,0.8998724489795918,0.24273112246163808,0.9731922610232617
0.08244937319189971,0.8998724489795918,0.2416027541723724,0.9731922610232617
0.08244937319189971,0.9017857142857143,0.2408594688396127,0.9731922610232617
0.08305207328833172,0.9017857142857143,0.23949977660667393,0.9731922610232617
0.08305207328833172,0.9024234693877551,0.23926349779557737,0.9731922610232617
0.08425747348119576,0.9024234693877551,0.23760914290202304,0.9731922610232617
0.08425747348119576,0.9030612244897959,0.2375705848125476,0.9731922610232617
0.08461909353905496,0.9030612244897959,0.2373365432310161,0.9731922610232617
0.08461909353905496,0.9036989795918368,0.2373081684933216,0.9731922610232617
0.08678881388621022,0.9036989795918368,0.23316335751312015,0.9731922610232617
0.08678881388621022,0.9043367346938775,0.23276313113118144,0.9731922610232617
0.08751205400192864,0.9043367346938775,0.2317627035738627,0.9731922610232617
0.08751205400192864,0.9049744897959183,0.23116957790964,0.9731922610232617
0.09173095467695275,0.9049744897959183,0.2229275774958408,0.9731922610232617
0.09173095467695275,0.9056122448979592,0.22282517659487724,0.9731922610232617
0.09197203471552555,0.9056122448979592,0.22235221733862032,0.9731922610232617
0.09197203471552555,0.90625,0.2222493877574528,0.9731922610232617
0.09245419479267117,0.90625,0.2213444070302719,0.9731922610232617
0.09245419479267117,0.9068877551020408,0.2212351898830297,0.9731922610232617
0.09522661523625844,0.9068877551020408,0.2153763031441303,0.9731922610232617
0.09522661523625844,0.9075255102040817,0.21536411385224538,0.9731922610232617
0.09727579556412728,0.9075255102040817,0.21146960539928128,0.9731922610232617
0.09727579556412728,0.9081632653061225,0.21141773305783942,0.9731922610232617
0.0975168756027001,0.9081632653061225,0.21050953908666176,0.9731922610232617
0.0975168756027001,0.9088010204081632,0.21031179487151766,0.9731922610232617
0.10004821600771456,0.9088010204081632,0.20592117839462085,0.9731922610232617
0.10004821600771456,0.9094387755102041,0.20581117299647808,0.9731922610232617
0.10028929604628736,0.9094387755102041,0.20553321220640097,0.9731922610232617
0.10028929604628736,0.9100765306122449,0.20519119978655542,0.9731922610232617
0.10089199614271939,0.9100765306122449,0.20306982400461115,0.9731922610232617
0.10089199614271939,0.9107142857142857,0.2028292050820846,0.9731922610232617
0.10125361620057859,0.9107142857142857,0.2017023545111874,0.9731922610232617
0.10125361620057859,0.9113520408163265,0.20156167450076445,0.9731922610232617
0.101374156219865,0.9113520408163265,0.2015611509090609,0.9731922610232617
0.101374156219865,0.9119897959183674,0.2015454048075154,0.9731922610232617
0.10197685631629701,0.9119897959183674,0.20081378859397525,0.9731922610232617
0.10197685631629701,0.9139030612244898,0.2000235095920881,0.9731922610232617
0.10462873674059787,0.9139030612244898,0.19600218709664596,0.9731922610232617
0.10462873674059787,0.9145408163265306,0.19488849667173033,0.9731922610232617
0.10752169720347156,0.9145408163265306,0.18993461030852585,0.9731922610232617
0.10752169720347156,0.9151785714285714,0.1896792211118885,0.9731922610232617
0.10764223722275795,0.9151785714285714,0.18961600178763616,0.9731922610232617
0.10764223722275795,0.9158163265306123,0.18960542412582934,0.9731922610232617
0.10776277724204436,0.9158163265306123,0.18943826618465248,0.9731922610232617
0.10776277724204436,0.9170918367346939,0.18925665682597712,0.9731922610232617
0.1093297974927676,0.9170918367346939,0.1869558661985608,0.9731922610232617
0.1093297974927676,0.9177295918367347,0.18693257847774927,0.9731922610232617
0.11005303760848602,0.9177295918367347,0.18559449074187268,0.9731922610232617
0.11005303760848602,0.9190051020408163,0.1852762926364538,0.9731922610232617
0.11137897782063645,0.9190051020408163,0.18304810479073075,0.9731922610232617
0.11149951783992286,0.9196428571428571,0.18240043434999023,0.9731922610232617
0.11174059787849566,0.9196428571428571,0.18207981658667352,0.9731922610232617
0.11174059787849566,0.920280612244898,0.1818248888633702,0.9731922610232617
0.11234329797492767,0.920280612244898,0.1811718407507228,0.9731922610232617
0.11234329797492767,0.9215561224489796,0.1809585954573872,0.9731922610232617
0.1128254580520733,0.9215561224489796,0.1804888144312126,0.9731922610232617
0.1128254580520733,0.9221938775510204,0.17999501005581697,0.9731922610232617
0.11366923818707811,0.9221938775510204,0.17870277295946863,0.9731922610232617
0.11366923818707811,0.9228316326530612,0.1785262255634499,0.9731922610232617
0.11403085824493732,0.9228316326530612,0.17807780773838194,0.9731922610232617
0.11403085824493732,0.923469387755102,0.17781394553269192,0.9731922610232617
0.11427193828351012,0.923469387755102,0.1768219293523632,0.9731922610232617
0.11427193828351012,0.9241071428571429,0.1767925904956767,0.9731922610232617
0.11523625843780134,0.9241071428571429,0.17526919466736962,0.9731922610232617
0.11523625843780134,0.9247448979591837,0.17511086485715363,0.9731922610232617
0.11535679845708775,0.9247448979591837,0.17493685760930028,0.9731922610232617
0.11535679845708775,0.9253826530612245,0.17482072245057834,0.9731922610232617
0.11620057859209257,0.9253826530612245,0.17327122639896755,0.9731922610232617
0.11620057859209257,0.9260204081632653,0.17322544346095314,0.9731922610232617
0.11632111861137898,0.9260204081632653,0.173099108252048,0.9731922610232617
0.11632111861137898,0.9266581632653061,0.17286055973689785,0.9731922610232617
0.1170443587270974,0.9266581632653061,0.17206001392859235,0.9731922610232617
0.1170443587270974,0.9272959183673469,0.1720415332651569,0.9731922610232617
0.11740597878495661,0.9272959183673469,0.17158034068878059,0.9731922610232617
0.11740597878495661,0.9285714285714286,0.17137383250374347,0.9731922610232617
0.11764705882352941,0.9285714285714286,0.1711448733159188,0.9731922610232617
0.11764705882352941,0.9292091836734694,0.17110112857717605,0.9731922610232617
0.11849083895853424,0.9292091836734694,0.17007135482986344,0.9731922610232617
0.11849083895853424,0.9298469387755102,0.1699370254660576,0.9731922610232617
0.11933461909353905,0.9298469387755102,0.16850136200837243,0.9731922610232617
0.11945515911282546,0.9304846938775511,0.16833290959420222,0.9731922610232617
0.12005785920925748,0.9304846938775511,0.1672114426456405,0.9731922610232617
0.12005785920925748,0.9311224489795918,0.1669422474877548,0.9731922610232617
0.12054001928640308,0.9311224489795918,0.16637469847244526,0.9731922610232617
0.12054001928640308,0.9317602040816326,0.1661918594118664,0.9731922610232617
0.1207810993249759,0.9317602040816326,0.1660993619780839,0.9731922610232617
0.1207810993249759,0.9323979591836735,0.16575562917481773,0.9731922610232617
0.12283027965284475,0.9323979591836735,0.16350045888322112,0.9731922610232617
0.12283027965284475,0.9330357142857143,0.1634094355577289,0.9731922610232617
0.12319189971070395,0.9330357142857143,0.16298655585852384,0.9731922610232617
0.12319189971070395,0.9336734693877551,0.16291355653250345,0.9731922610232617
0.12355351976856316,0.9336734693877551,0.16251464994282352,0.9731922610232617
0.12355351976856316,0.9349489795918368,0.16229279269630006,0.9731922610232617
0.12379459980713597,0.9349489795918368,0.16209617024734185,0.9731922610232617
0.12379459980713597,0.9355867346938775,0.16208798812907663,0.9731922610232617
0.12403567984570878,0.9355867346938775,0.16155845199930757,0.9731922610232617
0.12403567984570878,0.9362244897959183,0.16154394253681986,0.9731922610232617
0.12415621986499518,0.9362244897959183,0.16138121390885607,0.9731922610232617
0.12415621986499518,0.9368622448979592,0.1612704007852224,0.9731922610232617
0.12463837994214079,0.9368622448979592,0.16026633024970352,0.9731922610232617
0.12463837994214079,0.9375,0.16012193367113367,0.9731922610232617
0.125,0.9375,0.1592290019419211,0.9731922610232617
0.125,0.9381377551020408,0.1590970050611272,0.9731922610232617
0.12596432015429124,0.9381377551020408,0.15745389968458254,0.9731922610232617
0.12596432015429124,0.9394132653061225,0.1566754969641823,0.9731922610232617
0.12982160077145613,0.9394132653061225,0.1513291047716536,0.9731922610232617
0.12982160077145613,0.9400510204081632,0.15120826243315644,0.9731922610232617
0.13102700096432016,0.9400510204081632,0.14969751057247196,0.9731922610232617
0.13126808100289297,0.9400510204081632,0.14966752255278865,0.9731922610232617
0.133076181292189,0.9400510204081632,0.14698752874133367,0.9731922610232617
0.133076181292189,0.9413265306122449,0.14695556872878368,0.9731922610232617
0.13391996142719384,0.9413265306122449,0.14637400699536363,0.9731922610232617
0.13391996142719384,0.9419642857142857,0.1460654579635682,0.9731922610232617
0.13464320154291223,0.9419642857142857,0.14459637594290384,0.9731922610232617
0.13464320154291223,0.9426020408163265,0.144372144594006,0.9731922610232617
0.13910318225650917,0.9426020408163265,0.13704775973306932,0.9731922610232617
0.13910318225650917,0.9438775510204082,0.13663070378528183,0.9731922610232617
0.13922372227579558,0.9438775510204082,0.13655994038314012,0.9731922610232617
0.13922372227579558,0.9445153061224489,0.13648406588380657,0.9731922610232617
0.1398264223722276,0.9445153061224489,0.1359453416398977,0.9731922610232617
0.1398264223722276,0.9451530612244898,0.13587585818803674,0.9731922610232617
0.14006750241080038,0.9451530612244898,0.13574384819892588,0.9731922610232617
0.14006750241080038,0.9457908163265306,0.13571221509958792,0.9731922610232617
0.1406702025072324,0.9457908163265306,0.13493596564607035,0.9731922610232617
0.1406702025072324,0.9470663265306123,0.13456883969845482,0.9731922610232617
0.14199614271938282,0.9470663265306123,0.1335164123921397,0.9731922610232617
0.14211668273866923,0.9477040816326531,0.13339015561473302,0.9731922610232617
0.14235776277724205,0.9477040816326531,0.13320475906720458,0.9731922610232617
0.14235776277724205,0.9483418367346939,0.1330223646583143,0.9731922610232617
0.14283992285438765,0.9483418367346939,0.1329495121458347,0.9731922610232617
0.14283992285438765,0.9496173469387755,0.13289851003470624,0.9731922610232617
0.14500964320154291,0.9496173469387755,0.12950720683161868,0.9731922610232617
0.14500964320154291,0.9502551020408163,0.12943495742270644,0.9731922610232617
0.14585342333654774,0.9502551020408163,0.1284001365325834,0.9731922610232617
0.14585342333654774,0.9508928571428571,0.1283324147413086,0.9731922610232617
0.14597396335583412,0.9508928571428571,0.128315870107586,0.9731922610232617
0.14597396335583412,0.951530612244898,0.12830059277407274,0.9731922610232617
0.14681774349083895,0.951530612244898,0.1275493100980484,0.9731922610232617
0.14681774349083895,0.9521683673469388,0.12742157467569648,0.9731922610232617
0.1477820636451302,0.9521683673469388,0.12684337571173265,0.9731922610232617
0.1477820636451302,0.9534438775510204,0.12654488518887744,0.9731922610232617
0.1485053037608486,0.9534438775510204,0.12590853065800706,0.9731922610232617
0.1485053037608486,0.9540816326530612,0.12584321378307856,0.9731922610232617
0.1487463837994214,0.9540816326530612,0.12555081709199717,0.9731922610232617
0.1487463837994214,0.954719387755102,0.12552597378554844,0.9731922610232617
0.1493490838958534,0.954719387755102,0.12512825578058148,0.9731922610232617
0.1493490838958534,0.9553571428571429,0.1251075914725735,0.9731922610232617
0.14946962391513982,0.9553571428571429,0.12507705128428748,0.9731922610232617
0.14946962391513982,0.9559948979591837,0.1250301785572901,0.9731922610232617
0.14971070395371264,0.9559948979591837,0.12440444470085368,0.9731922610232617
0.14971070395371264,0.9566326530612245,0.12439147721704698,0.9731922610232617
0.15031340405014465,0.9566326530612245,0.12358111449429064,0.9731922610232617
0.15031340405014465,0.9572704081632653,0.12350284092475977,0.9731922610232617
0.15103664416586307,0.9572704081632653,0.12270470160236549,0.9731922610232617
0.15103664416586307,0.9579081632653061,0.12252589516491595,0.9731922610232617
0.15320636451301833,0.9579081632653061,0.1199071428786866,0.9731922610232617
0.15320636451301833,0.9585459183673469,0.11972322468324746,0.9731922610232617
0.15477338476374156,0.9585459183673469,0.11840234835987652,0.9731922610232617
0.15477338476374156,0.9591836734693877,0.11834937960960759,0.9731922610232617
0.15597878495660558,0.9591836734693877,0.11653005624154371,0.9731922610232617
0.15597878495660558,0.9598214285714286,0.11638588239559246,0.9731922610232617
0.1562198649951784,0.9598214285714286,0.1162426580045131,0.9731922610232617
0.1562198649951784,0.9604591836734694,0.11622032803993698,0.9731922610232617
0.15790742526518806,0.9604591836734694,0.11468158214880723,0.9731922610232617
0.15790742526518806,0.9617346938775511,0.1143406320507596,0.9731922610232617
0.15947444551591128,0.9617346938775511,0.1126659940917975,0.9731922610232617
0.15947444551591128,0.9623724489795918,0.11255513488966709,0.9731922610232617
0.1601976856316297,0.9623724489795918,0.1119151836906445,0.9731922610232617
0.1601976856316297,0.9630102040816326,0.11184191521830064,0.9731922610232617
0.1608003857280617,0.9630102040816326,0.11147972260535596,0.9731922610232617
0.1608003857280617,0.9636479591836735,0.1114145449583017,0.9731922610232617
0.1636933461909354,0.9636479591836735,0.10935579485481786,0.9731922610232617
0.1636933461909354,0.9649234693877551,0.10918107622420284,0.9731922610232617
0.16441658630665382,0.9649234693877551,0.10835293840203487,0.9731922610232617
0.16441658630665382,0.9655612244897959,0.10834105637666097,0.9731922610232617
0.16453712632594023,0.9655612244897959,0.1080943177914527,0.9731922610232617
0.16453712632594023,0.9661989795918368,0.10808175523541397,0.9731922610232617
0.16501928640308583,0.9661989795918368,0.10764534628897404,0.9731922610232617
0.16501928640308583,0.9668367346938775,0.10754496482310184,0.9731922610232617
0.1675506268081003,0.9668367346938775,0.10577107286370854,0.9731922610232617
0.1675506268081003,0.9674744897959183,0.10568822196651285,0.9731922610232617
0.16791224686595949,0.9674744897959183,0.10506100733599859,0.9731922610232617
0.16791224686595949,0.9681122448979592,0.10502908176393105,0.9731922610232617
0.1682738669238187,0.9681122448979592,0.1048886165157122,0.9731922610232617
0.1682738669238187,0.96875,0.10461801025606803,0.9731922610232617
0.16911764705882354,0.96875,0.10375898423981345,0.9731922610232617
0.16935872709739633,0.96875,0.10362950175186257,0.9731922610232617
0.17068466730954676,0.96875,0.10306726245178195,0.9731922610232617
0.17068466730954676,0.9693877551020408,0.10304315684963397,0.9731922610232617
0.1715284474445516,0.9693877551020408,0.10232379305873829,0.9731922610232617
0.1715284474445516,0.9700255102040817,0.10227562377856723,0.9731922610232617
0.17225168756027,0.9700255102040817,0.1018611727733508,0.9731922610232617
0.17225168756027,0.9706632653061225,0.10178965338499953,0.9731922610232617
0.17442140790742527,0.9706632653061225,0.09985194737422905,0.9731922610232617
0.17442140790742527,0.9713010204081632,0.09982582623036297,0.9731922610232617
0.1750241080038573,0.9713010204081632,0.0995086570024513,0.9731922610232617
0.17526518804243008,0.9713010204081632,0.09950613628461077,0.9731922610232617
0.17683220829315333,0.9713010204081632,0.09853298215305874,0.9731922610232617
0.17683220829315333,0.9719387755102041,0.09839445283368012,0.9731922610232617
0.1794840887174542,0.9719387755102041,0.09693154859831414,0.9731922610232617
0.1794840887174542,0.9725765306122449,0.09689790921768948,0.9731922610232617
0.18285920925747348,0.9725765306122449,0.09499143067449556,0.9731922610232617
0.18285920925747348,0.9732142857142857,0.09490791401548505,0.9731922610232617
0.18539054966248794,0.9732142857142857,0.09344074899200826,0.9731922610232617
0.18539054966248794,0.9738520408163265,0.09325875289333604,0.9731922610232617
0.1874397299903568,0.9738520408163265,0.09196350334055504,0.9731922610232617
0.1874397299903568,0.9744897959183674,0.0919601703145114,0.9731922610232617
0.1880424300867888,0.9744897959183674,0.09170079701342772,0.9731922610232617
0.1880424300867888,0.9751275510204082,0.09165229712135604,0.9731922610232617
0.19672131147540983,0.9751275510204082,0.08709218677457863,0.9731922610232617
0.19672131147540983,0.9757653061224489,0.08699707466127139,0.9731922610232617
0.19864995178399228,0.9757653061224489,0.0860827852389379,0.9731922610232617
0.19864995178399228,0.9764030612244898,0.08601271318788463,0.9731922610232617
0.20154291224686596,0.9764030612244898,0.08406715228623166,0.9731922610232617
0.20154291224686596,0.9776785714285714,0.08389344221435643,0.9731922610232617
0.20600289296046287,0.9776785714285714,0.08121937731838023,0.9731922610232617
0.20600289296046287,0.9783163265306123,0.08120384183653394,0.9731922610232617
0.20648505303760847,0.9783163265306123,0.08093595980166629,0.9731922610232617
0.2067261330761813,0.9783163265306123,0.08091443880810321,0.9731922610232617
0.2074493731918997,0.9783163265306123,0.0806649526187985,0.9731922610232617
0.2074493731918997,0.9789540816326531,0.08060215230425657,0.9731922610232617
0.2103423336547734,0.9789540816326531,0.07917378509039913,0.9731922610232617
0.21058341369334618,0.9789540816326531,0.07915690715961761,0.9731922610232617
0.21227097396335584,0.9789540816326531,0.07849439420941404,0.9731922610232617
0.21227097396335584,0.9795918367346939,0.07832747026566556,0.9731922610232617
0.21335583413693346,0.9795918367346939,0.07777976776538617,0.9731922610232617
0.21335583413693346,0.9802295918367347,0.0776373504102799,0.9731922610232617
0.2143201542912247,0.9802295918367347,0.07692656556400583,0.9731922610232617
0.2143201542912247,0.9815051020408163,0.0768635891766325,0.9731922610232617
0.21612825458052073,0.9815051020408163,0.07604610912954371,0.9731922610232617
0.21612825458052073,0.9821428571428571,0.07593927711516026,0.9731922610232617
0.21805689488910318,0.9821428571428571,0.07516034119948353,0.9731922610232617
0.21805689488910318,0.982780612244898,0.07507361773999176,0.9731922610232617
0.2264946962391514,0.982780612244898,0.07173130571581286,0.9731922610232617
0.2264946962391514,0.9834183673469388,0.07170644326884885,0.9731922610232617
0.23083413693346191,0.9834183673469388,0.07020799815730344,0.9731922610232617
0.23083413693346191,0.9840561224489796,0.07011849122944515,0.9731922610232617
0.23155737704918034,0.9840561224489796,0.06972262159848565,0.9731922610232617
0.23155737704918034,0.9846938775510204,0.06970259307559201,0.9731922610232617
0.23203953712632594,0.9846938775510204,0.06954226270434137,0.9731922610232617
0.23203953712632594,0.9853316326530612,0.06951569454241117,0.9731922610232617
0.23589681774349083,0.9853316326530612,0.0683881667590187,0.9731922610232617
0.23589681774349083,0.985969387755102,0.06837616406359034,0.9731922610232617
0.23999517839922854,0.985969387755102,0.06677489854912241,0.9731922610232617
0.23999517839922854,0.9866071428571429,0.06671621757686885,0.9731922610232617
0.2416827386692382,0.9866071428571429,0.06626221609933633,0.9731922610232617
0.241923818707811,0.9866071428571429,0.06622145280689391,0.9731922610232617
0.24373191899710703,0.9866071428571429,0.06568318837990032,0.9731922610232617
0.24373191899710703,0.9872448979591837,0.0656743936098426,0.9731922610232617
0.24469623915139826,0.9872448979591837,0.06538357287646882,0.9731922610232617
0.24469623915139826,0.9878826530612245,0.06537514265067505,0.9731922610232617
0.24734811957569913,0.9878826530612245,0.06464948554738681,0.9731922610232617
0.24734811957569913,0.9885204081632653,0.06462294690562174,0.9731922610232617
0.2569913211186114,0.9885204081632653,0.06214725273280085,0.9731922610232617
0.2569913211186114,0.9891581632653061,0.062137574777422704,0.9731922610232617
0.2619334619093539,0.9891581632653061,0.06043919056198471,0.9731922610232617
0.2619334619093539,0.9897959183673469,0.060395789499706413,0.9731922610232617
0.26337994214079075,0.9897959183673469,0.059927812572114075,0.9731922610232617
0.26337994214079075,0.9904336734693877,0.05988621955906528,0.9731922610232617
0.2668756027000964,0.9904336734693877,0.058987643734090565,0.9731922610232617
0.2668756027000964,0.9910714285714286,0.05891458064850521,0.9731922610232617
0.2691658630665381,0.9910714285714286,0.058142692892529546,0.9731922610232617
0.2691658630665381,0.9917091836734694,0.05805811812388316,0.9731922610232617
0.27543394406943106,0.9917091836734694,0.056171637709840856,0.9731922610232617
0.2756750241080039,0.9917091836734694,0.05615827404782399,0.9731922610232617
0.281702025072324,0.9917091836734694,0.054782591520720514,0.9731922610232617
0.281702025072324,0.9923469387755102,0.054775592662786664,0.9731922610232617
0.28736740597878496,0.9923469387755102,0.05355567439539098,0.9731922610232617
0.28736740597878496,0.9929846938775511,0.053510353612735005,0.9731922610232617
0.2898987463837994,0.9929846938775511,0.05284038600073639,0.9731922610232617
0.2898987463837994,0.9936224489795918,0.05282096733936738,0.9731922610232617
0.3007473481195757,0.9936224489795918,0.05062263168337972,0.9731922610232617
0.3007473481195757,0.9942602040816326,0.05060376878151633,0.9731922610232617
0.31316297010607524,0.9942602040816326,0.0475599727250699,0.9731922610232617
0.31316297010607524,0.9948979591836735,0.04755618978516878,0.9731922610232617
0.321480231436837,0.9948979591836735,0.04583293782184816,0.9731922610232617
0.32184185149469624,0.9948979591836735,0.045826729521620514,0.9731922610232617
0.32292671166827386,0.9948979591836735,0.04555422579629677,0.9731922610232617
0.32292671166827386,0.9955357142857143,0.04554948558033969,0.9731922610232617
0.3235294117647059,0.9955357142857143,0.04548823309008954,0.9731922610232617
0.3235294117647059,0.9961734693877551,0.04544511354434071,0.9731922610232617
0.345106075216972,0.9961734693877551,0.04079709971274818,0.9731922610232617
0.3453471552555448,0.9961734693877551,0.04079512626316716,0.9731922610232617
0.3520973963355834,0.9961734693877551,0.03925606504401567,0.9731922610232617
0.3520973963355834,0.9968112244897959,0.03925225309417595,0.9731922610232617
0.35728061716489873,0.9968112244897959,0.03829034912312099,0.9731922610232617
0.35728061716489873,0.9974489795918368,0.038249644458221106,0.9731922610232617
0.3595708775313404,0.9974489795918368,0.03794797335540081,0.9731922610232617
0.3598119575699132,0.9974489795918368,0.03792600698027381,0.9731922610232617
0.36921407907425263,0.9974489795918368,0.036079517882801795,0.9731922610232617
0.36945515911282545,0.9974489795918368,0.03607620617501926,0.9731922610232617
0.37753134040501446,0.9974489795918368,0.03406307246588005,0.9731922610232617
0.3777724204435873,0.9974489795918368,0.03402911167676912,0.9731922610232617
0.41248794599807137,0.9974489795918368,0.02618580449977397,0.9731922610232617
0.4127290260366442,0.9974489795918368,0.026125519117100666,0.9731922610232617
0.4144165863066538,0.9974489795918368,0.025780264257947553,0.9731922610232617
0.4144165863066538,0.9980867346938775,0.025743128059837892,0.9731922610232617
0.420443587270974,0.9980867346938775,0.024517081354380948,0.9731922610232617
0.4206846673095468,0.9980867346938775,0.02450472625802183,0.9731922610232617
0.43213596914175506,0.9980867346938775,0.021976788396266968,0.9731922610232617
0.43213596914175506,0.9987244897959183,0.02196179366927589,0.9731922610232617
0.4417791706846673,0.9987244897959183,0.020062857935848284,0.9731922610232617
0.4417791706846673,0.9993622448979592,0.020058382209115915,0.9731922610232617
0.44214079074252655,0.9993622448979592,0.01998681050155065,0.9731922610232617
0.44214079074252655,1.0,0.01988776106170768,0.9731922610232617
0.4426229508196721,1.0,0.019716841441666053,0.9731922610232617
0.44286403085824494,1.0,0.01969796656895496,0.9731922610232617
0.4462391513982642,1.0,0.01918075090284537,0.9731922610232617
0.446480231436837,1.0,0.019165361408951566,0.9731922610232617
0.460221793635487,1.0,0.017219974446876753,0.9731922610232617
0.4604628736740598,1.0,0.017212974418814277,0.9731922610232617
0.4681774349083896,1.0,0.016135983236054443,0.9731922610232617
0.4684185149469624,1.0,0.016112381833080888,0.9731922610232617
0.4727579556412729,1.0,0.01562943637806051,0.9731922610232617
0.4729990356798457,1.0,0.015624393201012726,0.9731922610232617
0.47384281581485055,1.0,0.01553075542914569,0.9731922610232617
0.4740838958534233,1.0,0.015525897073133028,0.9731922610232617
0.48360655737704916,1.0,0.014080025094137081,0.9731922610232617
0.4839681774349084,1.0,0.014076118271386932,0.9731922610232617
0.48469141755062684,1.0,0.013966587988291175,0.9731922610232617
0.4849324975891996,1.0,0.01395963336528705,0.9731922610232617
0.5016875602700096,1.0,0.011455581495804097,0.9731922610232617
0.5019286403085824,1.0,0.011411765295490237,0.9731922610232617
0.5066297010607522,1.0,0.01078207613625175,0.9731922610232617
0.5068707810993249,1.0,0.010770850790306007,0.9731922610232617
0.5303760848601736,1.0,0.006470882972940821,0.9731922610232617
0.5306171648987463,1.0,0.006457525508259158,0.9731922610232617
0.5374879459980714,1.0,0.0056612707122666445,0.9731922610232617
0.5377290260366442,1.0,0.0056519375319745505,0.9731922610232617
0.5482160077145612,1.0,0.004890756733886477,0.9731922610232617
0.5484570877531341,1.0,0.004885063899996363,0.9731922610232617
0.5556894889103182,1.0,0.004506626616060235,0.9731922610232617
0.555930568948891,1.0,0.004501732438087853,0.9731922610232617
0.5641272902603665,1.0,0.004135430513001057,0.9731922610232617
0.5644889103182257,1.0,0.004133723067022581,0.9731922610232617
0.5728061716489875,1.0,0.0037692187032458695,0.9731922610232617
0.5730472516875603,1.0,0.0037631301932277146,0.9731922610232617
0.5907666345226615,1.0,0.0032604100226730085,0.9731922610232617
0.5910077145612344,1.0,0.003255522741549969,0.9731922610232617
0.5924541947926711,1.0,0.0031999563453103666,0.9731922610232617
0.592695274831244,1.0,0.0031987322169718933,0.9731922610232617
0.595106075216972,1.0,0.003153869108037474,0.9731922610232617
0.5953471552555448,1.0,0.0031504348076861824,0.9731922610232617
0.5996865959498554,1.0,0.0030640932834252455,0.9731922610232617
0.5999276759884281,1.0,0.003061315510291717,0.9731922610232617
0.6008919961427194,1.0,0.0030495173218812958,0.9731922610232617
0.6011330761812922,1.0,0.003048174489668444,0.9731922610232617
0.6078833172613307,1.0,0.002933859495786135,0.9731922610232617
0.6083654773384763,1.0,0.0029323174958229914,0.9731922610232617
0.616923818707811,1.0,0.0027514115234891228,0.9731922610232617
0.6172854387656702,1.0,0.0027474348527857595,0.9731922610232617
0.6247589199614272,1.0,0.0026099946922607175,0.9731922610232617
0.625,1.0,0.002609401500582741,0.9731922610232617
0.6286162005785921,1.0,0.002514798097875156,0.9731922610232617
0.628857280617165,1.0,0.00251107057813077,0.9731922610232617
0.630665380906461,1.0,0.0024768546524033723,0.9731922610232617
0.6309064609450338,1.0,0.0024768386314234776,0.9731922610232617
0.633076181292189,1.0,0.002447792341266667,0.9731922610232617
0.6335583413693346,1.0,0.00244757828690314,0.9731922610232617
0.6346432015429122,1.0,0.0024289516336510144,0.9731922610232617
0.634884281581485,1.0,0.002427132598383147,0.9731922610232617
0.6371745419479267,1.0,0.0023972374264177726,0.9731922610232617
0.6376567020250723,1.0,0.00239670191115611,0.9731922610232617
0.6404291224686596,1.0,0.0023601599555985453,0.9731922610232617
0.6409112825458052,1.0,0.0023589599979653435,0.9731922610232617
0.6410318225650916,1.0,0.0023586454193006783,0.9731922610232617
0.6413934426229508,1.0,0.002357021863850444,0.9731922610232617
0.6450096432015429,1.0,0.0023085392232027584,0.9731922610232617
0.6453712632594021,1.0,0.0023073875706113712,0.9731922610232617
0.6483847637415622,1.0,0.002248542061193167,0.9731922610232617
0.648625843780135,1.0,0.0022452818136192584,0.9731922610232617
0.6500723240115719,1.0,0.0022227347635887114,0.9731922610232617
0.6505544840887174,1.0,0.0022220064230213513,0.9731922610232617
0.657304725168756,1.0,0.0021229454056938112,0.9731922610232617
0.6575458052073289,1.0,0.002115006516470718,0.9731922610232617
0.6600771456123433,1.0,0.0020862922282624194,0.9731922610232617
0.6603182256509161,1.0,0.0020839879803648,0.9731922610232617
0.6611620057859209,1.0,0.0020768045416623966,0.9731922610232617
0.6617647058823529,1.0,0.002076576276572472,0.9731922610232617
0.6630906460945034,1.0,0.0020539897379433882,0.9731922610232617
0.6633317261330762,1.0,0.0020526589720946168,0.9731922610232617
0.6723722275795564,1.0,0.0019518739115858632,0.9731922610232617
0.6726133076181292,1.0,0.0019509161102538824,0.9731922610232617
0.6739392478302797,1.0,0.0019416735808494047,0.9731922610232617
0.6743008678881388,1.0,0.0019407216559943334,0.9731922610232617
0.6756268081002893,1.0,0.0019319570272780789,0.9731922610232617
0.6758678881388621,1.0,0.0019298229083904296,0.9731922610232617
0.6781581485053038,1.0,0.0019039178773320009,0.9731922610232617
0.6783992285438766,1.0,0.0019037495906053551,0.9731922610232617
0.6800867888138862,1.0,0.0018899797823348555,0.9731922610232617
0.680327868852459,1.0,0.001889151286789456,0.9731922610232617
0.6841851494696239,1.0,0.00184852302590372,0.9731922610232617
0.6844262295081968,1.0,0.0018472082621270743,0.9731922610232617
0.6885245901639344,1.0,0.0018119708670649404,0.9731922610232617
0.6887656702025072,1.0,0.0018104421001180124,0.9731922610232617
0.6939488910318226,1.0,0.0017707476017048195,0.9731922610232617
0.6941899710703954,1.0,0.0017696446282376116,0.9731922610232617
0.6959980713596914,1.0,0.0017556560873919535,0.9731922610232617
0.6963596914175506,1.0,0.0017531586005538962,0.9731922610232617
0.6979267116682739,1.0,0.0017460948634684893,0.9731922610232617
0.6981677917068466,1.0,0.0017458603618451909,0.9731922610232617
0.700337512054002,1.0,0.0017261590245209904,0.9731922610232617
0.7005785920925748,1.0,0.0017256612811490978,0.9731922610232617
0.7017839922854388,1.0,0.0017175513490838947,0.9731922610232617
0.702145612343298,1.0,0.001716912649159829,0.9731922610232617
0.7041947926711668,1.0,0.0017005478754719145,0.9731922610232617
0.704556412729026,1.0,0.0017000819995242012,0.9731922610232617
0.7070877531340405,1.0,0.0016844147418047367,0.9731922610232617
0.7073288331726133,1.0,0.0016838693352545697,0.9731922610232617
0.709619093539055,1.0,0.0016698292793090321,0.9731922610232617
0.7099807135969142,1.0,0.0016688459877135101,0.9731922610232617
0.7128736740597879,1.0,0.0016531174250098144,0.9731922610232617
0.7134763741562199,1.0,0.0016520470698209242,0.9731922610232617
0.71648987463838,1.0,0.0016327653948598746,0.9731922610232617
0.7167309546769528,1.0,0.0016317169020878988,0.9731922610232617
0.7223963355834137,1.0,0.0015969194742729443,0.9731922610232617
0.7226374156219865,1.0,0.0015963966241572813,0.9731922610232617
0.7290260366441659,1.0,0.001563676599768294,0.9731922610232617
0.7292671166827387,1.0,0.0015633373228594858,0.9731922610232617
0.7451783992285439,1.0,0.0014859818024781533,0.9731922610232617
0.7455400192864031,1.0,0.0014858998077023702,0.9731922610232617
0.7472275795564127,1.0,0.0014750141168088718,0.9731922610232617
0.747589199614272,1.0,0.0014733356402598077,0.9731922610232617
0.7484329797492768,1.0,0.0014699884243292661,0.9731922610232617
0.7486740597878495,1.0,0.0014696866272908354,0.9731922610232617
0.7547010607521697,1.0,0.0014351764040623088,0.9731922610232617
0.7549421407907425,1.0,0.0014346549560725242,0.9731922610232617
0.7583172613307618,1.0,0.0014195270065613759,0.9731922610232617
0.7585583413693346,1.0,0.0014192902882076029,0.9731922610232617
0.7689247830279653,1.0,0.00136690637038244,0.9731922610232617
0.7691658630665381,1.0,0.0013662784826809634,0.9731922610232617
0.7700096432015429,1.0,0.001362873847871256,0.9731922610232617
0.7702507232401157,1.0,0.0013615631601783735,0.9731922610232617
0.774228543876567,1.0,0.0013473546907165532,0.9731922610232617
0.7744696239151398,1.0,0.0013472250289093745,0.9731922610232617
0.7757955641272902,1.0,0.0013396216437947639,0.9731922610232617
0.776036644165863,1.0,0.001339599155767244,0.9731922610232617
0.785559305689489,1.0,0.0013010519378279847,0.9731922610232617
0.7858003857280618,1.0,0.0013007510020992263,0.9731922610232617
0.7880906460945034,1.0,0.0012929863090489582,0.9731922610232617
0.7884522661523626,1.0,0.0012921851851245589,0.9731922610232617
0.7907425265188043,1.0,0.001276363425538933,0.9731922610232617
0.7912246865959498,1.0,0.0012763291252701724,0.9731922610232617
0.7926711668273867,1.0,0.0012692745666463895,0.9731922610232617
0.7929122468659595,1.0,0.0012682567987040425,0.9731922610232617
0.7941176470588235,1.0,0.0012616443548290725,0.9731922610232617
0.7945998071359691,1.0,0.0012606167217234234,0.9731922610232617
0.8043635486981678,1.0,0.0012085941540160138,0.9731922610232617
0.8046046287367405,1.0,0.0012082285054162338,0.9731922610232617
0.8048457087753134,1.0,0.0012075288940054225,0.9731922610232617
0.8050867888138862,1.0,0.001207501416877392,0.9731922610232617
0.805930568948891,1.0,0.0012044068798187828,0.9731922610232617
0.8061716489874639,1.0,0.0012010243682134243,0.9731922610232617
0.8096673095467696,1.0,0.0011806068696362344,0.9731922610232617
0.8099083895853423,1.0,0.0011802910151362312,0.9731922610232617
0.8144889103182257,1.0,0.001161370597397459,0.9731922610232617
0.8148505303760849,1.0,0.001160993051233715,0.9731922610232617
0.8160559305689489,1.0,0.0011572359402175871,0.9731922610232617
0.8162970106075217,1.0,0.0011572312557666152,0.9731922610232617
0.8185872709739633,1.0,0.0011473213121451866,0.9731922610232617
0.8188283510125361,1.0,0.0011462387448509695,0.9731922610232617
0.8263018322082931,1.0,0.0011102959707881357,0.9731922610232617
0.8270250723240116,1.0,0.001110053266545453,0.9731922610232617
0.82774831243973,1.0,0.001106424049149271,0.9731922610232617
0.8279893924783028,1.0,0.0011058601743186092,0.9731922610232617
0.8317261330761813,1.0,0.0010899987489745803,0.9731922610232617
0.8322082931533269,1.0,0.0010883010487916136,0.9731922610232617
0.8340163934426229,1.0,0.0010749653711661247,0.9731922610232617
0.8342574734811957,1.0,0.0010749008962471743,0.9731922610232617
0.8364271938283511,1.0,0.0010626129013856743,0.9731922610232617
0.8369093539054966,1.0,0.0010619739515626131,0.9731922610232617
0.8371504339440694,1.0,0.0010616561378711195,0.9731922610232617
0.8373915139826422,1.0,0.0010613708179973884,0.9731922610232617
0.8452266152362584,1.0,0.0010224314363871164,0.9731922610232617
0.8454676952748312,1.0,0.0010217614154508347,0.9731922610232617
0.8460703953712633,1.0,0.001017140420310238,0.9731922610232617
0.8465525554484089,1.0,0.00101662238440228,0.9731922610232617
0.8475168756027001,1.0,0.001009611195300101,0.9731922610232617
0.8477579556412729,1.0,0.00100875321119062,0.9731922610232617
0.8529411764705882,1.0,0.0009840423954530946,0.9731922610232617
0.853182256509161,1.0,0.000983905870627273,0.9731922610232617
0.8543876567020251,1.0,0.000978484034531965,0.9731922610232617
0.8546287367405979,1.0,0.0009776636736178702,0.9731922610232617
0.8577627772420443,1.0,0.0009625461146063992,0.9731922610232617
0.8580038572806171,1.0,0.0009611818915438342,0.9731922610232617
0.8586065573770492,1.0,0.0009600306424046822,0.9731922610232617
0.858847637415622,1.0,0.0009592713614913223,0.9731922610232617
0.8593297974927676,1.0,0.0009562904525385043,0.9731922610232617
0.8596914175506268,1.0,0.0009548720556357897,0.9731922610232617
0.8641513982642237,1.0,0.0009277654212635412,0.9731922610232617
0.8646335583413693,1.0,0.000926220635960142,0.9731922610232617
0.8683702989392478,1.0,0.0009064542640863653,0.9731922610232617
0.8686113789778206,1.0,0.0009064421097116129,0.9731922610232617
0.8831967213114754,1.0,0.0008251795989261368,0.9731922610232617
0.8834378013500482,1.0,0.0008234238035221374,0.9731922610232617
0.8853664416586307,1.0,0.0008070393178367344,0.9731922610232617
0.8856075216972035,1.0,0.0008070283151147159,0.9731922610232617
0.8866923818707811,1.0,0.0008023466598370448,0.9731922610232617
0.8871745419479267,1.0,0.000800746185855513,0.9731922610232617
0.8886210221793636,1.0,0.0007942951220953922,0.9731922610232617
0.8889826422372228,1.0,0.0007941297604376165,0.9731922610232617
0.8965766634522662,1.0,0.0007567880730459716,0.9731922610232617
0.896817743490839,1.0,0.0007562469140007959,0.9731922610232617
0.8994696239151398,1.0,0.0007421172738487172,0.9731922610232617
0.8997107039537127,1.0,0.0007414004218132467,0.9731922610232617
0.9018804243008679,1.0,0.0007327058665269517,0.9731922610232617
0.9021215043394407,1.0,0.0007313795222346688,0.9731922610232617
0.9128495660559306,1.0,0.0006349447823233115,0.9731922610232617
0.9130906460945034,1.0,0.0006337716355757458,0.9731922610232617
0.9185149469623916,1.0,0.0006007929135890583,0.9731922610232617
0.9187560270009644,1.0,0.0005992464283661353,0.9731922610232617
0.9195998071359691,1.0,0.0005946673622780919,0.9731922610232617
0.9198408871745419,1.0,0.0005944231113968494,0.9731922610232617
0.92225168756027,1.0,0.0005763506273111336,0.9731922610232617
0.9224927675988428,1.0,0.0005763309911110945,0.9731922610232617
0.9265911282545806,1.0,0.0005402062860319975,0.9731922610232617
0.9268322082931534,1.0,0.0005398454980016367,0.9731922610232617
0.9288813886210222,1.0,0.0005252427615517604,0.9731922610232617
0.9293635486981678,1.0,0.0005249364781767506,0.9731922610232617
0.9298457087753134,1.0,0.0005223492147431747,0.9731922610232617
0.9300867888138862,1.0,0.000518949149658741,0.9731922610232617
0.930327868852459,1.0,0.000515460400924668,0.9731922610232617
0.9305689488910318,1.0,0.0005146413838006719,0.9731922610232617
0.9317743490838959,1.0,0.0005105943026762323,0.9731922610232617
0.9321359691417551,1.0,0.0005093378269681204,0.9731922610232617
0.9353905496624879,1.0,0.0004848851403542173,0.9731922610232617
0.9356316297010607,1.0,0.0004840657045211313,0.9731922610232617
0.9358727097396335,1.0,0.00048318458761648103,0.9731922610232617
0.9363548698167792,1.0,0.00048261556376220585,0.9731922610232617
0.9450337512054002,1.0,0.0003843685001393182,0.9731922610232617
0.945274831243973,1.0,0.0003836399674752598,0.9731922610232617
0.9453953712632595,1.0,0.0003823956050981806,0.9731922610232617
0.9456364513018322,1.0,0.00038197606850882537,0.9731922610232617
0.945877531340405,1.0,0.00038096953665983527,0.9731922610232617
0.9461186113789778,1.0,0.0003798668758023428,0.9731922610232617
0.9467213114754098,1.0,0.00037449039976543083,0.9731922610232617
0.9469623915139826,1.0,0.00037362502118045397,0.9731922610232617
0.9470829315332691,1.0,0.00037344899523351796,0.9731922610232617
0.9473240115718419,1.0,0.00037292360735906375,0.9731922610232617
0.9478061716489875,1.0,0.00036110549149753307,0.9731922610232617
0.9481677917068466,1.0,0.00036062995112753053,0.9731922610232617
0.9522661523625844,1.0,0.0003181854396250759,0.9731922610232617
0.9525072324011572,1.0,0.00031749747025842283,0.9731922610232617
0.95274831243973,1.0,0.0003167761953106252,0.9731922610232617
0.9529893924783028,1.0,0.00031559446271004014,0.9731922610232617
0.9532304725168756,1.0,0.0003129719930414627,0.9731922610232617
0.9534715525554484,1.0,0.000311835405377702,0.9731922610232617
0.9538331726133076,1.0,0.00030109877726541167,0.9731922610232617
0.9540742526518804,1.0,0.00030083137124983095,0.9731922610232617
0.9543153326904532,1.0,0.00030027421604206315,0.9731922610232617
0.9550385728061717,1.0,0.0003002072536789145,0.9731922610232617
0.9551591128254581,1.0,0.00029981623345057387,0.9731922610232617
0.9556412729026037,1.0,0.00029965125402259154,0.9731922610232617
0.9560028929604629,1.0,0.0002989558333589608,0.9731922610232617
0.9562439729990356,1.0,0.000297135822613714,0.9731922610232617
0.9570877531340405,1.0,0.0002895910942890258,0.9731922610232617
0.9579315332690453,1.0,0.0002890770493655786,0.9731922610232617
0.9581726133076182,1.0,0.00028854165748456003,0.9731922610232617
0.9585342333654774,1.0,0.0002872900943449757,0.9731922610232617
0.9587753134040502,1.0,0.0002867725928879707,0.9731922610232617
0.9610655737704918,1.0,0.00027728599741228595,0.9731922610232617
0.9613066538090647,1.0,0.00027699200227964684,0.9731922610232617
0.9638379942140791,1.0,0.0002663537654217229,0.9731922610232617
0.9640790742526519,1.0,0.00026487265982727705,0.9731922610232617
0.9641996142719382,1.0,0.0002648581101510019,0.9731922610232617
0.9646817743490839,1.0,0.0002645784766310465,0.9731922610232617
0.9649228543876567,1.0,0.0002638366313476044,0.9731922610232617
0.9652844744455159,1.0,0.0002637599613027283,0.9731922610232617
0.965887174541948,1.0,0.0002626032541167746,0.9731922610232617
0.9662487945998072,1.0,0.00026035685783611117,0.9731922610232617
0.9675747348119575,1.0,0.00025544055064266147,0.9731922610232617
0.9680568948891032,1.0,0.00025470853045402877,0.9731922610232617
0.968297974927676,1.0,0.0002540437351139003,0.9731922610232617
0.9685390549662488,1.0,0.0002535173479987273,0.9731922610232617
0.9686595949855352,1.0,0.0002527338762661075,0.9731922610232617
0.9704676952748312,1.0,0.00025255218510322356,0.9731922610232617
0.9720347155255545,1.0,0.0002487012031063652,0.9731922610232617
0.9722757955641272,1.0,0.0002484220593691804,0.9731922610232617
0.9725168756027001,1.0,0.000248052083143643,0.9731922610232617
0.9727579556412729,1.0,0.0002471327909291019,0.9731922610232617
0.9731195756991321,1.0,0.0002452647805398714,0.9731922610232617
0.9734811957569913,1.0,0.00024405993005871524,0.9731922610232617
0.9737222757955641,1.0,0.0002435758569951593,0.9731922610232617
0.9754098360655737,1.0,0.00024330567848171192,0.9731922610232617
0.9760125361620058,1.0,0.0002424968367816863,0.9731922610232617
0.9762536162005786,1.0,0.00024199371322392108,0.9731922610232617
0.9766152362584378,1.0,0.0002416179941320571,0.9731922610232617
0.978182256509161,1.0,0.00024124584561681066,0.9731922610232617
0.9783027965284474,1.0,0.00024112033488263003,0.9731922610232617
0.9789054966248795,1.0,0.0002406833966099353,0.9731922610232617
0.9793876567020251,1.0,0.00024061617974832885,0.9731922610232617
0.9796287367405979,1.0,0.0002401993810162508,0.9731922610232617
0.9805930568948891,1.0,0.00023644075450784155,0.9731922610232617
0.9808341369334619,1.0,0.00023632114679292949,0.9731922610232617
0.9813162970106075,1.0,0.0002353763780079359,0.9731922610232617
0.9816779170684667,1.0,0.00023501090221976064,0.9731922610232617
0.9817984570877532,1.0,0.00023439750610543153,0.9731922610232617
0.9822806171648988,1.0,0.00023428460953005338,0.9731922610232617
0.982642237222758,1.0,0.00023236267462081866,0.9731922610232617
0.9830038572806171,1.0,0.0002323011315483325,0.9731922610232617
0.9834860173577628,1.0,0.000231123247210934,0.9731922610232617
0.9837270973963356,1.0,0.0002306588391376285,0.9731922610232617
0.9839681774349084,1.0,0.0002301635855815598,0.9731922610232617
0.9842092574734812,1.0,0.00022990828076813226,0.9731922610232617
0.9845708775313404,1.0,0.00022851798119499076,0.9731922610232617
0.9848119575699132,1.0,0.00022833982093441516,0.9731922610232617
0.9849324975891997,1.0,0.00022832726847660798,0.9731922610232617
0.9854146576663452,1.0,0.0002278318283720068,0.9731922610232617
0.9863789778206364,1.0,0.0002242493462370358,0.9731922610232617
0.9866200578592093,1.0,0.00022304634864762102,0.9731922610232617
0.9867405978784957,1.0,0.00022162967930156158,0.9731922610232617
0.9869816779170685,1.0,0.00022138383847391017,0.9731922610232617
0.9902362584378014,1.0,0.00019420728098564025,0.9731922610232617
0.9904773384763742,1.0,0.00019354548723437464,0.9731922610232617
0.9915621986499518,1.0,0.00018253898683932593,0.9731922610232617
0.9918032786885246,1.0,0.00018179469793722477,0.9731922610232617
0.9933702989392478,1.0,0.0001610059924405947,0.9731922610232617
0.9936113789778206,1.0,0.00016047412731243926,0.9731922610232617
0.9940935390549662,1.0,0.00016029611188187666,0.9731922610232617
0.9945756991321119,1.0,0.00015452373737819802,0.9731922610232617
0.9949373191899711,1.0,0.0001531655155841457,0.9731922610232617
0.9951783992285439,1.0,0.00015225100581406232,0.9731922610232617
0.9954194792671167,1.0,0.00015121187401133986,0.9731922610232617
0.9955400192864031,1.0,0.0001485726370529957,0.9731922610232617
0.996142719382835,1.0,0.0001476059102009543,0.9731922610232617
0.9971070395371263,1.0,0.00014110510979085486,0.9731922610232617
0.997589199614272,1.0,0.00013772227942943468,0.9731922610232617
1.0,1.0,8.762475311011893e-05,0.9731922610232617
